[
{
  "model": "issuetracker.type",
  "pk": 5,
  "fields": {
    "type": "bug"
  }
},
{
  "model": "issuetracker.type",
  "pk": 6,
  "fields": {
    "type": "enhancement"
  }
},
{
  "model": "issuetracker.type",
  "pk": 25,
  "fields": {
    "type": "task2"
  }
},
{
  "model": "issuetracker.status",
  "pk": 4,
  "fields": {
    "status": "new"
  }
},
{
  "model": "issuetracker.status",
  "pk": 5,
  "fields": {
    "status": "in_progresss"
  }
},
{
  "model": "issuetracker.status",
  "pk": 6,
  "fields": {
    "status": "done"
  }
},
{
  "model": "issuetracker.project",
  "pk": 1,
  "fields": {
    "tittle": "App",
    "description": "",
    "created_at": "2019-10-08T11:47:50.772Z",
    "updated_at": "2019-11-13T11:07:13.273Z",
    "status": "Active"
  }
},
{
  "model": "issuetracker.project",
  "pk": 2,
  "fields": {
    "tittle": "Refactor",
    "description": "tes",
    "created_at": "2019-10-08T11:54:14.086Z",
    "updated_at": "2019-11-13T11:02:22.072Z",
    "status": "Active"
  }
},
{
  "model": "issuetracker.project",
  "pk": 3,
  "fields": {
    "tittle": "Programming",
    "description": "",
    "created_at": "2019-10-08T11:54:37.188Z",
    "updated_at": "2019-10-08T12:22:39.435Z",
    "status": "Active"
  }
},
{
  "model": "issuetracker.project",
  "pk": 4,
  "fields": {
    "tittle": "Deploy",
    "description": "",
    "created_at": "2019-10-08T12:23:33.751Z",
    "updated_at": "2019-10-08T12:23:33.751Z",
    "status": "Active"
  }
},
{
  "model": "issuetracker.project",
  "pk": 10,
  "fields": {
    "tittle": "Trucker",
    "description": "Refactor Tracker app",
    "created_at": "2019-11-13T07:18:02.721Z",
    "updated_at": "2019-11-13T07:18:02.721Z",
    "status": "Active"
  }
},
{
  "model": "issuetracker.project",
  "pk": 11,
  "fields": {
    "tittle": "asdfasdf",
    "description": "asdfasdf",
    "created_at": "2019-11-13T09:40:53.191Z",
    "updated_at": "2019-11-13T09:40:53.191Z",
    "status": "Active"
  }
},
{
  "model": "issuetracker.project",
  "pk": 13,
  "fields": {
    "tittle": "tesrt",
    "description": "11",
    "created_at": "2019-11-13T09:59:36.254Z",
    "updated_at": "2019-11-14T11:01:51.211Z",
    "status": "Active"
  }
},
{
  "model": "issuetracker.project",
  "pk": 14,
  "fields": {
    "tittle": "adsf",
    "description": "",
    "created_at": "2019-11-13T10:15:43.532Z",
    "updated_at": "2019-11-13T10:15:43.532Z",
    "status": "Active"
  }
},
{
  "model": "issuetracker.project",
  "pk": 15,
  "fields": {
    "tittle": "adsfasdf",
    "description": "",
    "created_at": "2019-11-13T10:20:42.970Z",
    "updated_at": "2019-11-13T10:20:42.970Z",
    "status": "Active"
  }
},
{
  "model": "issuetracker.project",
  "pk": 16,
  "fields": {
    "tittle": ".,mlkm;l",
    "description": "",
    "created_at": "2019-11-13T10:23:20.093Z",
    "updated_at": "2019-11-13T10:23:20.093Z",
    "status": "Active"
  }
},
{
  "model": "issuetracker.project",
  "pk": 17,
  "fields": {
    "tittle": "sdaklfdlsa",
    "description": "",
    "created_at": "2019-11-13T10:27:12.949Z",
    "updated_at": "2019-11-13T10:27:12.949Z",
    "status": "Active"
  }
},
{
  "model": "issuetracker.project",
  "pk": 18,
  "fields": {
    "tittle": "asdfjasdflk",
    "description": "",
    "created_at": "2019-11-13T10:27:56.818Z",
    "updated_at": "2019-11-13T10:27:56.819Z",
    "status": "Active"
  }
},
{
  "model": "issuetracker.project",
  "pk": 19,
  "fields": {
    "tittle": "adsf43253",
    "description": "",
    "created_at": "2019-11-13T10:43:54.029Z",
    "updated_at": "2019-11-13T10:43:54.029Z",
    "status": "Active"
  }
},
{
  "model": "issuetracker.project",
  "pk": 20,
  "fields": {
    "tittle": "Refactor23424",
    "description": "",
    "created_at": "2019-11-13T10:44:50.065Z",
    "updated_at": "2019-11-14T06:49:53.883Z",
    "status": "Active"
  }
},
{
  "model": "issuetracker.project",
  "pk": 21,
  "fields": {
    "tittle": "adsf",
    "description": "hfghd",
    "created_at": "2019-11-14T11:03:21.042Z",
    "updated_at": "2019-11-14T11:03:21.042Z",
    "status": "Active"
  }
},
{
  "model": "issuetracker.project",
  "pk": 22,
  "fields": {
    "tittle": "adsf",
    "description": "`1",
    "created_at": "2019-11-14T11:04:43.526Z",
    "updated_at": "2019-11-14T11:04:43.527Z",
    "status": "Active"
  }
},
{
  "model": "issuetracker.project",
  "pk": 23,
  "fields": {
    "tittle": "test_project_api",
    "description": "api",
    "created_at": "2019-12-05T08:48:38.611Z",
    "updated_at": "2019-12-05T08:48:38.611Z",
    "status": "Active"
  }
},
{
  "model": "issuetracker.project",
  "pk": 24,
  "fields": {
    "tittle": "sdakfj",
    "description": "asdkfj",
    "created_at": "2019-12-06T11:47:53.424Z",
    "updated_at": "2019-12-06T11:47:53.424Z",
    "status": "Active"
  }
},
{
  "model": "issuetracker.project",
  "pk": 25,
  "fields": {
    "tittle": "sdakfj",
    "description": "asdkfj",
    "created_at": "2019-12-06T11:47:53.557Z",
    "updated_at": "2019-12-06T11:47:53.557Z",
    "status": "Active"
  }
},
{
  "model": "issuetracker.project",
  "pk": 26,
  "fields": {
    "tittle": "sdakfj",
    "description": "asdkfj",
    "created_at": "2019-12-06T11:48:05.714Z",
    "updated_at": "2019-12-06T11:48:05.714Z",
    "status": "Active"
  }
},
{
  "model": "auth.user",
  "pk": 1,
  "fields": {
    "password": "pbkdf2_sha256$150000$HjwJmVpejtTi$rKkbSM4zJL2WvPMXM53Cx8TP3vexpNMQK26SgXaJ5ew=",
    "last_login": "2019-12-07T18:07:38.445Z",
    "is_superuser": true,
    "username": "admin",
    "first_name": "admin",
    "last_name": "test45",
    "email": "samatbek_uulu_b@iuca.kg",
    "is_staff": true,
    "is_active": true,
    "date_joined": "2019-09-25T06:36:56Z",
    "groups": [
      2
    ],
    "user_permissions": []
  }
},
{
  "model": "auth.user",
  "pk": 13,
  "fields": {
    "password": "pbkdf2_sha256$150000$AHfnnSimp4dS$KtTLGmF7yo9x48EZPCIrBcL9Oe6gB5THFzbahO/ZOWA=",
    "last_login": "2019-11-14T11:58:32.749Z",
    "is_superuser": false,
    "username": "test",
    "first_name": "beka",
    "last_name": "",
    "email": "test@company.com",
    "is_staff": false,
    "is_active": true,
    "date_joined": "2019-10-28T11:33:42Z",
    "groups": [
      2
    ],
    "user_permissions": []
  }
},
{
  "model": "auth.user",
  "pk": 14,
  "fields": {
    "password": "pbkdf2_sha256$150000$GEMyq5KE8QRa$+C/KWN18bCR4pmNxraUivtxBAlGErlKRDwCM8F2/5d0=",
    "last_login": "2019-11-04T08:46:04.691Z",
    "is_superuser": false,
    "username": "Jessa",
    "first_name": "Jessa",
    "last_name": "Phio",
    "email": "jessa@company.com",
    "is_staff": false,
    "is_active": true,
    "date_joined": "2019-10-29T15:38:49.543Z",
    "groups": [],
    "user_permissions": []
  }
},
{
  "model": "auth.user",
  "pk": 15,
  "fields": {
    "password": "pbkdf2_sha256$150000$bM1myNSmvb8e$53pUv0famm6JDVC+1ykuqPLiT3FErXtwvDsdcMaP+zs=",
    "last_login": "2019-10-30T11:20:35Z",
    "is_superuser": false,
    "username": "test_4",
    "first_name": "Jane",
    "last_name": "",
    "email": "jane@company.com",
    "is_staff": false,
    "is_active": true,
    "date_joined": "2019-10-30T11:20:35Z",
    "groups": [
      3
    ],
    "user_permissions": []
  }
},
{
  "model": "auth.user",
  "pk": 16,
  "fields": {
    "password": "pbkdf2_sha256$150000$JZHh1aZntFlM$DWl4ehvvMvi6wtGkEa9QSppMo+QB3KK6YMy5m6cVfuA=",
    "last_login": "2019-10-30T20:25:32Z",
    "is_superuser": false,
    "username": "test_5",
    "first_name": "test",
    "last_name": "test",
    "email": "test2@company.com",
    "is_staff": false,
    "is_active": true,
    "date_joined": "2019-10-30T20:25:32Z",
    "groups": [
      3
    ],
    "user_permissions": []
  }
},
{
  "model": "auth.user",
  "pk": 17,
  "fields": {
    "password": "pbkdf2_sha256$150000$456mg8H1n1ZY$FcQtG2HIp/lY+yt3dVCHYFjV8T7EZbrftbrYk+oM0j0=",
    "last_login": "2019-10-30T20:28:15Z",
    "is_superuser": false,
    "username": "test_1",
    "first_name": "test",
    "last_name": "test",
    "email": "test3@company.com",
    "is_staff": false,
    "is_active": true,
    "date_joined": "2019-10-30T20:28:14Z",
    "groups": [
      1
    ],
    "user_permissions": []
  }
},
{
  "model": "auth.user",
  "pk": 18,
  "fields": {
    "password": "pbkdf2_sha256$150000$NZcp70G4ta27$PPQwmgeOjuBaAZTxdBN6XCzCI/cp6T1GbLkohk/l0UE=",
    "last_login": "2019-10-31T12:45:30Z",
    "is_superuser": false,
    "username": "test_7",
    "first_name": "testT",
    "last_name": "",
    "email": "test_3@company.com",
    "is_staff": false,
    "is_active": true,
    "date_joined": "2019-10-31T12:45:11Z",
    "groups": [
      3
    ],
    "user_permissions": []
  }
},
{
  "model": "auth.user",
  "pk": 19,
  "fields": {
    "password": "pbkdf2_sha256$150000$3S0AJxptoohl$2jG3qLgMEM6/VyH8DGpDClWWo149Gh4TvU7yu9vNo/U=",
    "last_login": "2019-11-01T11:07:39.278Z",
    "is_superuser": false,
    "username": "4bektursun",
    "first_name": "",
    "last_name": "user2",
    "email": "samatuulu6511@gmail.com",
    "is_staff": false,
    "is_active": true,
    "date_joined": "2019-11-01T10:27:13.253Z",
    "groups": [],
    "user_permissions": []
  }
},
{
  "model": "auth.user",
  "pk": 20,
  "fields": {
    "password": "pbkdf2_sha256$150000$Lk7qZC7wExAQ$tQ12bmjKWOFCVL0mORnpxeksAhkgZHjOZi5J5WEGPkg=",
    "last_login": "2019-11-01T12:15:55Z",
    "is_superuser": false,
    "username": "test1000",
    "first_name": "test",
    "last_name": "",
    "email": "test1000@company.com",
    "is_staff": false,
    "is_active": true,
    "date_joined": "2019-11-01T12:15:54Z",
    "groups": [
      1
    ],
    "user_permissions": []
  }
},
{
  "model": "issuetracker.team",
  "pk": 30,
  "fields": {
    "user": 15,
    "project_key": 1,
    "created_at": null,
    "finished_at": null
  }
},
{
  "model": "issuetracker.team",
  "pk": 31,
  "fields": {
    "user": 14,
    "project_key": 1,
    "created_at": null,
    "finished_at": null
  }
},
{
  "model": "issuetracker.team",
  "pk": 32,
  "fields": {
    "user": 13,
    "project_key": 1,
    "created_at": null,
    "finished_at": null
  }
},
{
  "model": "issuetracker.team",
  "pk": 33,
  "fields": {
    "user": 1,
    "project_key": 1,
    "created_at": null,
    "finished_at": null
  }
},
{
  "model": "issuetracker.team",
  "pk": 34,
  "fields": {
    "user": 15,
    "project_key": 1,
    "created_at": null,
    "finished_at": null
  }
},
{
  "model": "issuetracker.team",
  "pk": 35,
  "fields": {
    "user": 14,
    "project_key": 1,
    "created_at": null,
    "finished_at": null
  }
},
{
  "model": "issuetracker.team",
  "pk": 36,
  "fields": {
    "user": 14,
    "project_key": 13,
    "created_at": null,
    "finished_at": null
  }
},
{
  "model": "issuetracker.team",
  "pk": 37,
  "fields": {
    "user": 13,
    "project_key": 21,
    "created_at": "2019-11-14",
    "finished_at": null
  }
},
{
  "model": "issuetracker.team",
  "pk": 38,
  "fields": {
    "user": 1,
    "project_key": 21,
    "created_at": "2019-11-14",
    "finished_at": null
  }
},
{
  "model": "issuetracker.team",
  "pk": 39,
  "fields": {
    "user": 14,
    "project_key": 22,
    "created_at": "2019-11-14",
    "finished_at": null
  }
},
{
  "model": "issuetracker.team",
  "pk": 40,
  "fields": {
    "user": 1,
    "project_key": 22,
    "created_at": "2019-11-14",
    "finished_at": null
  }
},
{
  "model": "issuetracker.team",
  "pk": 41,
  "fields": {
    "user": 15,
    "project_key": 1,
    "created_at": null,
    "finished_at": null
  }
},
{
  "model": "issuetracker.task",
  "pk": 27,
  "fields": {
    "summary": "Update scripts",
    "description": "Needs update scripts from Python2 to Python3",
    "status": 4,
    "type": 25,
    "project": 1,
    "created_at": "2019-09-26T12:31:41.991Z",
    "created_by": 1,
    "assigned_to": 1
  }
},
{
  "model": "issuetracker.task",
  "pk": 30,
  "fields": {
    "summary": "Trucker",
    "description": "Updated Trucker application",
    "status": 6,
    "type": 6,
    "project": 1,
    "created_at": "2019-10-03T12:28:07.477Z",
    "created_by": 1,
    "assigned_to": 1
  }
},
{
  "model": "issuetracker.task",
  "pk": 35,
  "fields": {
    "summary": "Test",
    "description": "",
    "status": 4,
    "type": 5,
    "project": 4,
    "created_at": "2019-10-23T11:47:55.089Z",
    "created_by": 1,
    "assigned_to": 1
  }
},
{
  "model": "issuetracker.task",
  "pk": 36,
  "fields": {
    "summary": "Test",
    "description": "",
    "status": 5,
    "type": 5,
    "project": 3,
    "created_at": "2019-10-23T11:48:49.557Z",
    "created_by": 1,
    "assigned_to": 1
  }
},
{
  "model": "issuetracker.task",
  "pk": 37,
  "fields": {
    "summary": "Test",
    "description": "dasc",
    "status": 4,
    "type": 5,
    "project": 3,
    "created_at": "2019-10-23T11:52:08.069Z",
    "created_by": 1,
    "assigned_to": 1
  }
},
{
  "model": "issuetracker.task",
  "pk": 38,
  "fields": {
    "summary": "test",
    "description": "test",
    "status": 4,
    "type": 5,
    "project": 2,
    "created_at": "2019-11-04T08:09:47.297Z",
    "created_by": 1,
    "assigned_to": 1
  }
},
{
  "model": "issuetracker.task",
  "pk": 39,
  "fields": {
    "summary": "test",
    "description": "test",
    "status": 5,
    "type": 25,
    "project": 2,
    "created_at": "2019-11-04T08:11:04.061Z",
    "created_by": 1,
    "assigned_to": 1
  }
},
{
  "model": "issuetracker.task",
  "pk": 40,
  "fields": {
    "summary": "test",
    "description": "test",
    "status": 4,
    "type": 5,
    "project": 2,
    "created_at": "2019-11-04T08:12:44.931Z",
    "created_by": 1,
    "assigned_to": 1
  }
},
{
  "model": "issuetracker.task",
  "pk": 41,
  "fields": {
    "summary": "Test",
    "description": "test",
    "status": 5,
    "type": 5,
    "project": 3,
    "created_at": "2019-11-04T08:17:19.429Z",
    "created_by": 1,
    "assigned_to": 1
  }
},
{
  "model": "issuetracker.task",
  "pk": 42,
  "fields": {
    "summary": "test",
    "description": "test",
    "status": 5,
    "type": 5,
    "project": 3,
    "created_at": "2019-11-04T08:18:27.650Z",
    "created_by": 1,
    "assigned_to": 1
  }
},
{
  "model": "issuetracker.task",
  "pk": 43,
  "fields": {
    "summary": "Test",
    "description": "",
    "status": 5,
    "type": 6,
    "project": 3,
    "created_at": "2019-11-04T08:23:52.863Z",
    "created_by": 1,
    "assigned_to": 1
  }
},
{
  "model": "issuetracker.task",
  "pk": 44,
  "fields": {
    "summary": "Trucker web applicaion",
    "description": "",
    "status": 5,
    "type": 6,
    "project": 3,
    "created_at": "2019-11-04T08:24:25.859Z",
    "created_by": 1,
    "assigned_to": 1
  }
},
{
  "model": "issuetracker.task",
  "pk": 45,
  "fields": {
    "summary": "Test",
    "description": "",
    "status": 4,
    "type": 25,
    "project": 3,
    "created_at": "2019-11-04T08:26:04.385Z",
    "created_by": 1,
    "assigned_to": 1
  }
},
{
  "model": "issuetracker.task",
  "pk": 46,
  "fields": {
    "summary": "test",
    "description": "test",
    "status": 4,
    "type": 5,
    "project": 2,
    "created_at": "2019-11-04T08:44:34.091Z",
    "created_by": 1,
    "assigned_to": 1
  }
},
{
  "model": "issuetracker.task",
  "pk": 47,
  "fields": {
    "summary": "test345",
    "description": "",
    "status": 5,
    "type": 5,
    "project": 2,
    "created_at": "2019-11-04T08:47:42.353Z",
    "created_by": 1,
    "assigned_to": 1
  }
},
{
  "model": "issuetracker.task",
  "pk": 49,
  "fields": {
    "summary": "test07070",
    "description": "test",
    "status": 5,
    "type": 5,
    "project": 1,
    "created_at": "2019-11-04T09:17:11.818Z",
    "created_by": 1,
    "assigned_to": 1
  }
},
{
  "model": "issuetracker.task",
  "pk": 50,
  "fields": {
    "summary": "test",
    "description": "tre3t",
    "status": 5,
    "type": 5,
    "project": 2,
    "created_at": "2019-11-05T09:55:17.133Z",
    "created_by": 19,
    "assigned_to": 19
  }
},
{
  "model": "issuetracker.task",
  "pk": 51,
  "fields": {
    "summary": "test",
    "description": "",
    "status": 4,
    "type": 5,
    "project": 1,
    "created_at": "2019-11-05T09:59:47.369Z",
    "created_by": 1,
    "assigned_to": 19
  }
},
{
  "model": "issuetracker.task",
  "pk": 52,
  "fields": {
    "summary": "Trucker web applicaion",
    "description": "",
    "status": 4,
    "type": 5,
    "project": 1,
    "created_at": "2019-11-05T10:07:11.701Z",
    "created_by": 1,
    "assigned_to": 19
  }
},
{
  "model": "issuetracker.task",
  "pk": 53,
  "fields": {
    "summary": "test5",
    "description": "",
    "status": 5,
    "type": 6,
    "project": 1,
    "created_at": "2019-11-05T10:09:43.022Z",
    "created_by": 1,
    "assigned_to": 19
  }
},
{
  "model": "issuetracker.task",
  "pk": 54,
  "fields": {
    "summary": "test5",
    "description": "",
    "status": 5,
    "type": 6,
    "project": 2,
    "created_at": "2019-11-05T10:10:12.085Z",
    "created_by": 1,
    "assigned_to": 19
  }
},
{
  "model": "issuetracker.task",
  "pk": 55,
  "fields": {
    "summary": "Test6",
    "description": "",
    "status": 6,
    "type": 5,
    "project": 3,
    "created_at": "2019-11-05T10:13:09.044Z",
    "created_by": 1,
    "assigned_to": 19
  }
},
{
  "model": "issuetracker.task",
  "pk": 56,
  "fields": {
    "summary": "Test6",
    "description": "",
    "status": 6,
    "type": 5,
    "project": 2,
    "created_at": "2019-11-05T10:13:18.239Z",
    "created_by": 1,
    "assigned_to": 20
  }
},
{
  "model": "issuetracker.task",
  "pk": 57,
  "fields": {
    "summary": "Test6",
    "description": "",
    "status": 6,
    "type": 5,
    "project": 1,
    "created_at": "2019-11-05T10:13:23.377Z",
    "created_by": 1,
    "assigned_to": 20
  }
},
{
  "model": "issuetracker.task",
  "pk": 58,
  "fields": {
    "summary": "test33423`",
    "description": "",
    "status": 4,
    "type": 5,
    "project": 4,
    "created_at": "2019-11-05T10:14:19.457Z",
    "created_by": 1,
    "assigned_to": 14
  }
},
{
  "model": "issuetracker.task",
  "pk": 59,
  "fields": {
    "summary": "test33423`",
    "description": "",
    "status": 4,
    "type": 5,
    "project": 2,
    "created_at": "2019-11-05T10:14:27.939Z",
    "created_by": 1,
    "assigned_to": 14
  }
},
{
  "model": "issuetracker.task",
  "pk": 60,
  "fields": {
    "summary": "test33423`",
    "description": "",
    "status": 4,
    "type": 5,
    "project": 1,
    "created_at": "2019-11-05T10:14:32.753Z",
    "created_by": 1,
    "assigned_to": 14
  }
},
{
  "model": "issuetracker.task",
  "pk": 61,
  "fields": {
    "summary": "Bishkek",
    "description": "",
    "status": 4,
    "type": 5,
    "project": 1,
    "created_at": "2019-11-05T10:19:20.106Z",
    "created_by": 1,
    "assigned_to": 13
  }
},
{
  "model": "issuetracker.task",
  "pk": 62,
  "fields": {
    "summary": "Trucker web applicaion",
    "description": "",
    "status": 5,
    "type": 5,
    "project": 2,
    "created_at": "2019-11-05T10:26:21.293Z",
    "created_by": 1,
    "assigned_to": 18
  }
},
{
  "model": "issuetracker.task",
  "pk": 63,
  "fields": {
    "summary": "Trucker web applicaion",
    "description": "",
    "status": 5,
    "type": 5,
    "project": 3,
    "created_at": "2019-11-05T10:26:31.187Z",
    "created_by": 1,
    "assigned_to": 18
  }
},
{
  "model": "issuetracker.task",
  "pk": 64,
  "fields": {
    "summary": "Trucker web applicaion",
    "description": "",
    "status": 5,
    "type": 5,
    "project": 2,
    "created_at": "2019-11-05T10:29:07.200Z",
    "created_by": 13,
    "assigned_to": 18
  }
},
{
  "model": "issuetracker.task",
  "pk": 65,
  "fields": {
    "summary": "Trucker web applicaion",
    "description": "",
    "status": 5,
    "type": 5,
    "project": 1,
    "created_at": "2019-11-05T10:29:12.634Z",
    "created_by": 13,
    "assigned_to": 18
  }
},
{
  "model": "issuetracker.task",
  "pk": 66,
  "fields": {
    "summary": "Trucker web applicaion",
    "description": "",
    "status": 6,
    "type": 6,
    "project": 3,
    "created_at": "2019-11-05T10:30:56.908Z",
    "created_by": 13,
    "assigned_to": 19
  }
},
{
  "model": "issuetracker.task",
  "pk": 67,
  "fields": {
    "summary": "Trucker web applicaion",
    "description": "",
    "status": 6,
    "type": 6,
    "project": 1,
    "created_at": "2019-11-05T10:32:10.413Z",
    "created_by": 13,
    "assigned_to": 19
  }
}
]
